id,name,kcal
A0100101,大麥仁,343
A0110101,大麥片,352
A0120101,大麥仁粉,374
A0130101,麥茶,18
A0200101,小米,365
A0200201,糯小米,357
A0300101,小麥,338
A0310101,小麥胚芽,396
A0320101,去筋麵粉,354
A0320202,低筋麵粉,359
A0320303,中筋麵粉,357
A0320404,高筋麵粉,358
A0320505,全麥麵粉,342
A0320601,雜糧中筋麵粉,350
A0320702,雜糧高筋麵粉,350
A0350101,水餃皮,261
A0350201,春捲皮,237
A0350301,餛飩皮,268
A0351101,乾麵條,353
A0351201,油麵條,359
A0351301,紅蘿蔔麵,347
A0351401,通心麵,355
A0351501,菠菜條,351
A0351601,鍋燒意麵,473
A0351701,雞蛋麵,352
A0351801,刀削麵,265
A0351901,拉麵,290
A0352001,意麵,281
A0352101,衛生油麵,162
A0352201,金門黃麵,153
A0352301,冷凍烏龍麵,124
A0352401,鍋燒麵,119
A0352501,長麵線,306
A0352601,蚵仔麵線,303
A0352701,麵線,345
A0352801,雞絲麵,461
A0355101,麵筋,639
A0355201,麵腸,137
A0400101,白玉米,58
A0400201,紫玉米,157
A0400301,甜玉米,97
A0400401,雙色水果玉米,97
A0400501,糯玉米,165
A0400601,冷凍玉米粒,167
A0400701,玉米筍,26
A0410101,乾玉米粒,346
A0410201,玉米胚芽,354
A0420101,玉米粉,368
A0450101,玉米粒罐頭,83
A0450201,玉米醬罐頭,62
A05001,秈米平均值,355
A0500101,秈米(台中在來2號),354
A0500102,秈米(台中秈10號),357
A05002,粳米平均值,352
A0500201,粳米(台中189號),355
A0500202,粳米(台南11號),347
A0500203,粳米(台粳2號),355
A0500204,粳米(台粳8號),354
A0500205,粳米(台粳9號),352
A0500206,粳米(台農71號),355
A0500207,粳米(高雄139號),355
A0500208,粳米(高雄142號),352
A0500209,粳米(高雄145號),362
A0500301,越光米,338
A0500401,白秈糯米(台中糯70號秈米),360
A05005,白粳糯米平均值,357
A0500501,白粳糯米(台中189號粳米),357
A0500502,白粳糯米(台粳糯1號粳米),356
A0500601,野生紅米,352
A0500701,紅糯米,352
A0500801,黑秈糯米,350
A0500901,胚芽秈米(台中秈10號),357
A05010,胚芽粳米平均值,358
A0501001,胚芽粳米(台粳10號）,357
A0501002,胚芽粳米(台粳9號),360
A05011,發芽粳米平均值,348
A0501103,發芽粳米(台粳71號),350
A0501104,發芽粳米(台粳9號）,346
A0501201,糙秈米,352
A05013,糙粳米平均值,354
A0501301,糙粳米(台粳71號),353
A0501302,糙粳米(台粳9號),355
A0510101,加鈣米,354
A0510201,高纖米,357
A0510301,五穀米,348
A0510401,米胚芽,360
A0520201,秈米粉,362
A0520301,糙米粉,386
A0520401,白糯米粉,359
A05501,米粉平均值,365
A0550101,埔里米粉,355
A0550102,細米粉,353
A0550103,濁水米粉,357
A0550201,米粄條,127
A0550301,米苔目,121
A0550401,粿仔條,193
A0550501,免煮飯,167
A0550601,白飯,182
A0550701,米漿(散裝),60
A0550801,保久米漿,61
A0550901,糙米漿,69
A0551001,糙秈米漿,66
A0551101,糯米漿,51
A0551201,黑糯米漿,50
A0600101,高梁,361
A0600201,糯高梁,357
A0710101,黑麥片,336
A0750101,黑麥汁,52
A0800101,燕麥,388
A0810101,燕麥片,383
A0810201,即食燕麥片,384
A0850101,燕麥奶,42
A0900101,蕎麥,353
A0950101,蕎麥麵(乾),346
A0950102,蕎麥麵(濕),150
A1000101,薏仁,375
A1000201,糙薏仁,379
A1020101,薏仁粉,389
A1100101,紅藜,361
B0100101,淮山,351
B01002,山藥平均值,84
B0100201,山藥(二刺),86
B0100202,山藥(大汕1號),78
B0100203,山藥(大汕3號),70
B0100204,山藥(大刺),82
B0100205,山藥(中國長品),73
B0100206,山藥(台農1號),91
B0100207,山藥(台農2號),94
B0100208,山藥(白皮削),72
B0100209,山藥(尖石原生種),62
B0100210,山藥(宜蘭原生種),135
B0100211,山藥(花蓮3號),90
B0100212,山藥(青森),89
B0100213,山藥(高田),69
B0200301,紅薯,90
B0320101,木薯粉,361
B0400101,冰心地瓜,113
B0400201,菱角牛奶地瓜,130
B0400301,芋心甘薯,116
B0400401,紅肉甘薯,109
B0400501,金時地瓜,134
B0400601,黃肉甘薯,115
B0420101,甘薯粉,356
B0450101,油炸脫水甘薯,475
B0500101,芋頭,123
B0500201,小芋頭(山芋),107
B0500301,檳榔心芋,115
B0500401,冷凍芋頭塊,135
B0520101,芋頭粉,315
B0600101,豆薯,29
B0700101,紅馬鈴薯(粉紅珍珠馬鈴薯),63
B0700201,馬鈴薯,74
B0700301,小馬鈴薯(珍珠馬鈴薯),57
B0720101,馬鈴薯粉,346
B0800101,荸薺,63
B0820101,荸薺粉,364
B0900101,蓮藕,58
B0900201,熟蓮藕,47
B0900202,熟蓮藕切片(水煮),66
B0920101,蓮藕粉,364
B1000101,菱角(生),72
B1000201,菱角仁(生),113
B1000301,菱角(熟),140
B9900101,西谷米,370
B9900201,蒟蒻粉,337
C0105101,杏仁片(生),550
C0110101,杏仁片(熟),588
C0110201,原味杏仁果,568
C0110202,蒜味杏仁果,584
C0120101,杏仁粉,520
C0205101,松子仁(生),669
C0210101,原味松子仁,668
C0210102,蜜汁松子仁,689
C0310101,原味夏威夷豆,687
C0310102,鹽酥夏威夷豆,709
C0405101,生核桃,655
C0410101,甜核桃,711
C0500101,栗子(生),242
C0500202,栗子仁(生),158
C0510101,糖炒栗子,198
C0610101,無花果,337
C0710101,開心果,573
C0805101,腰果(生),561
C0810101,原味腰果,556
C0810102,蜜汁腰果,596
C0905101,原味榛果,655
C1005101,山粉圓,280
C1120101,可可粉,415
C1210101,玉桂西瓜子,459
C1210102,醬油西瓜子,487
C1305101,亞麻仁籽,476
C1320101,亞麻仁籽粉,506
C1410101,咖啡豆(曼特寧),337
C1505101,奇亞子,422
C1605101,白芝麻(生),576
C1605102,黑芝麻(生),519
C1610101,白芝麻(熟),603
C1610201,黑芝麻(熟),571
C1620101,黑芝麻粉,576
C1700101,帶殼花生(生鮮),314
C1700201,冷凍帶殼花生(熟),344
C1705101,生鮮花生仁,478
C1705201,去膜花生仁(生),544
C1705301,帶膜花生仁(生),500
C1710101,紅土帶殼花生(熟),530
C1710201,鹽酥帶殼花生(熟),513
C1720101,花生粉,506
C1750101,醃漬花生仁,288
C1750201,糖漬花生仁,373
C1750301,油炸花生仁,609
C1750401,蛋酥花生仁,592
C1750501,鹽酥花生仁,537
C1800101,芡實,336
C1910101,調味南瓜子(去殼),544
C1910201,調味南瓜子(帶殼),552
C2005101,愛玉子,300
C2110101,原味葵瓜子(去殼),569
C2110201,甘草葵瓜子(帶殼),486
C2110202,鹽酥葵瓜子(帶殼),558
C2200101,銀杏果,136
C2300101,生鮮蓮子,124
C2305101,生蓮子,307
C2350101,糖漬蓮子,223
C2405101,鷹嘴豆(大),338
C2405102,鷹嘴豆(小),197
D0100101,山竹,67
D02001,木瓜平均值,36
D0200101,木瓜(2月取樣),29
D0200102,木瓜(5月取樣),41
D0200103,木瓜(8月取樣),31
D0200104,木瓜(11月取樣),42
D0200201,青木瓜,25
D0300101,安石榴,60
D0400101,百香果,58
D0430101,百香果汁,73
D0500101,金黃奇異果,57
D0500201,奇異果,52
D0600101,紅毛丹,71
D0700101,紅龍果(白肉),49
D0700201,紅龍果(紅肉),48
D08001,北蕉平均值,82
D0800101,北蕉(2月取樣),90
D0800102,北蕉(5月取樣),89
D0800103,北蕉(9月取樣),63
D0800104,北蕉(11月取樣),88
D0800201,"北蕉(0天,綠皮)",87
D0800301,北蕉(1天),84
D0800401,北蕉(3天),81
D0800501,北蕉(7天),65
D0800601,李林蕉,98
D0800701,南華蕉,119
D0800801,紅皮蕉,93
D0800901,美人蕉,105
D0801001,蘋果蕉,90
D0900101,酪梨(綠皮),60
D0900201,酪梨(室溫存放0天),73
D0900301,酪梨(室溫存放3天),80
D0900401,酪梨(室溫存放6天),83
D1000101,榴槤,130
D1100101,突目1號鳳梨,55
D11002,鳳梨平均值(雜交種),51
D1100201,甘蔗鳳梨,55
D1100202,甜蜜蜜鳳梨,41
D1100203,金鑽鳳梨,49
D1100204,牛奶鳳梨,59
D1200101,釋迦,99
D1200201,鳳梨釋迦,99
D1300101,桑葚,30
D1330101,桑葚汁,25
D1400101,草莓,36
D1500101,土芭樂,31
D15002,芭樂平均值(白肉),33
D1500201,牛乳芭樂,28
D1500202,世紀芭樂,34
D1500203,珍珠芭樂,36
D1500204,泰國芭樂,34
D1500205,無子芭樂,29
D1500301,紅心芭樂,36
D16001,楊桃平均值,30
D1600101,楊桃(2月取樣),27
D1600102,楊桃(4月取樣),30
D1600103,楊桃(5月取樣),33
D1600104,楊桃(9月取樣),31
D1600105,楊桃(11月取樣),29
D1700101,美國紅葡萄,68
D1700201,巨峰葡萄,63
D17003,綠葡萄平均值,57
D1700301,美國綠葡萄,63
D1700302,意大利葡萄,51
D1700401,美國紅葡萄(含皮),60
D1700501,美國紫葡萄(含皮),79
D1700601,美國黑葡萄(含皮),61
D1700701,美國綠葡萄(含皮),86
D1700801,無子紅葡萄(含皮),71
D1700901,黑美人葡萄(含皮),65
D1701001,金香葡萄(含皮),59
D18001,蓮霧平均值(粉紅色種),34
D1800101,紅寶石蓮霧,32
D1800102,黑金剛蓮霧,32
D1800103,黑珍珠蓮霧,38
D1900101,華寶大西瓜(花蓮),32
D19002,西瓜平均值(紅肉小瓜),32
D1900201,皇宮西瓜,32
D1900202,紅鈴西瓜,34
D1900203,黑美人西瓜,36
D1900204,鳳光西瓜,27
D1900301,無子西瓜,32
D19004,西瓜平均值(黃肉小瓜),29
D1900401,小玉西瓜,34
D1900402,金蘭西瓜,23
D1900501,嘉寶瓜,40
D20001,甜瓜平均值(光皮洋香瓜),29
D2000101,太陽洋香瓜,32
D2000102,狀元瓜,26
D2000103,蜜世界洋香瓜,27
D20002,甜瓜平均值(東洋系脆瓜),36
D2000201,美濃瓜,36
D2000202,黃香瓜,30
D2000203,嘉玉甜瓜,42
D2000301,新世紀哈密瓜,38
D2000302,新疆哈蜜瓜,27
D20004,甜瓜平均值(網紋洋香瓜),36
D2000401,七股香洋香瓜,39
D2000402,天香洋香瓜,44
D2000403,秋香洋香瓜,33
D2000404,紅寶石洋香瓜,38
D2000405,香華洋香瓜,30
D2000406,藍寶石洋香瓜,32
D2100101,土芒果,53
D21002,芒果平均值(西洋種),48
D2100201,肯特芒果,48
D2100202,海頓芒果,57
D2100203,凱特芒果,48
D2100204,愛文芒果,41
D2100205,聖心芒果,48
D2100301,黑香芒果,64
D21004,芒果平均值(新興種),54
D2100401,四季芒果,57
D2100402,玉文芒果,61
D2100403,金煌芒果,49
D2100404,金蜜芒果,62
D2100405,金興芒果,40
D2100406,香水芒果,63
D2100407,蓮花芒果,46
D22001,荔枝平均值,64
D2200101,玉荷苞荔枝,67
D2200102,黑葉仔荔枝,60
D2200201,冷凍荔枝,27
D2300101,龍眼,70
D2310101,龍眼乾,273
D2310201,帶殼龍眼乾,274
D24001,李子平均值(青皮黃肉),45
D2400101,加州青李,44
D2400102,翡翠李,46
D24002,李子平均值(紅皮紅肉),37
D2400201,紅肉李(大),38
D2400202,紅肉李(小),35
D24003,李子平均值(紅皮黃肉),45
D2400301,加州紅李(台灣),42
D2400302,加州紅李(進口),58
D2400303,加州蜜李(進口),63
D2400304,香水李,35
D2400305,桃接李(大),36
D2400306,桃接李(小),33
D2400307,蜜棗李(進口),51
D2400401,黃肉李,34
D2400501,黑李,55
D2500101,枇杷,36
D2600101,筆柿,63
D27002,甜柿平均值,55
D2700201,富有甜柿(大雪山),55
D2700202,甜柿(進口),55
D2700301,牛心柿,56
D2700401,四周柿,59
D2700501,柿餅,175
D28001,水蜜桃平均值,37
D2800101,水蜜桃,38
D2800102,甜蜜桃,36
D28002,脆桃平均值,40
D2800201,白油桃,33
D2800202,玫瑰桃,48
D2800203,福壽桃,42
D2800204,鶯哥桃,38
D2800301,蟠桃,43
D2900101,胭脂梅,31
D30001,西洋梨平均值,49
D3000101,西洋梨(青皮),58
D3000102,西洋梨(紅皮),50
D3000103,西洋梨(黃皮),41
D3000201,幸水梨,32
D3000202,大雪梨,40
D3000203,新世紀梨,39
D3000204,新興梨,42
D3000205,橫山梨,44
D3000206,豐水梨,35
D3000301,將軍蜜梨,48
D3000302,梨山蜜梨,45
D31001,印度棗平均值(大),41
D3100101,印度棗(長形),40
D3100102,蜜棗(圓形),41
D3100201,珍珠蜜棗,42
D3100301,台灣土棗,82
D3100401,紅棗,215
D3100402,黑棗,213
D32001,蘋果平均值(青皮),47
D3200101,青龍蘋果,50
D3200102,翠玉青蘋果,43
D3200201,翠玉青蘋果(帶皮),50
D3200301,美國五爪蘋果,48
D32004,蘋果平均值(混色),49
D3200401,加拉蘋果,53
D3200402,津經蜜蘋果,54
D3200403,秋香蘋果,43
D3200404,富士蘋果,47
D3200501,富士蘋果(帶皮),42
D3200601,金冠蘋果,46
D3300101,櫻桃,73
D3300201,白櫻桃,68
D3400101,椪柑,38
D3400201,紅柑,40
D3400202,茂谷柑,42
D3400203,海梨桶柑,41
D3400204,高牆桶柑,43
D3400205,檸檬柑,45
D3400301,長果金柑,50
D3400302,圓果金柑,28
D3400303,圓果金柑汁(綠皮),30
D3500101,文旦,31
D3500201,白柚,36
D3500301,西施蜜柚,38
D36001,甜橙平均值(普遍系),42
D3600101,柳橙,40
D3600102,香吉士(進口),44
D3600103,澳洲甜橙(進口),43
D3700101,青皮葡萄柚,31
D3700201,紅寶石葡萄柚(古坑),35
D3700301,黃皮葡萄柚(進口),36
D3700401,黃皮葡萄柚,36
D3800101,檸檬,31
D3800201,萊姆,35
D38003,檸檬汁平均值,30
D3800301,檸檬汁(黃皮),30
D3800302,檸檬汁(綠皮),31
D3830102,萊姆汁,34
D3930101,紅甘蔗汁,63
D4000101,人心果,68
D41301,可可椰子汁平均值,18
D4130101,可可椰子汁(屏東),17
D4130102,可可椰子汁(進口),19
D4200101,香瓜茄,23
D4300101,蛋黃果,96
E0100101,牛蒡,75
E02001,胡蘿蔔平均值,34
E0200101,胡蘿蔔,32
E0200102,向陽二號胡蘿蔔,39
E0200103,澳洲胡蘿蔔(細長型),29
E0200201,黃胡蘿蔔,34
E0200301,冷凍胡蘿蔔,9
E0300101,根菾菜根,30
E04001,白蘿蔔平均值,16
E0400101,白蘿蔔,14
E0400102,白蘿蔔(長形),17
E0400201,櫻桃蘿蔔,9
E0400301,青蘿蔔,30
E0420101,蘿蔔乾,44
E0500101,百合鱗片,132
E0510101,乾百合鱗片,255
E0600101,芋莖,17
E0700101,金針菜嫩莖,20
E0800101,草石蠶,70
E0900101,球莖甘藍,18
E1000101,孟宗竹筍,36
E1100101,熟桂竹筍,18
E1100201,桂竹筍片,13
E1200101,烏殼綠竹筍,18
E1300101,茭白筍,16
E1400101,麻竹筍,17
E1400201,冷凍麻竹筍,14
E1410101,麻竹筍干,144
E1500101,綠竹筍,22
E1500201,帶殼熟綠竹筍,22
E1500301,沙拉筍塊,20
E1600101,熟箭竹筍,16
E1700101,白蘆筍,22
E17002,綠蘆筍平均值,19
E1700201,綠蘆筍,20
E1700202,澳洲綠蘆筍(粗短型),18
E1700203,綠蘆筍(細短型),21
E1700301,蘆筍花,17
E1800101,嫩莖萵苣,14
E1900101,嫩薑,19
E1900102,粉薑,23
E1900103,老薑,47
E2000101,檳榔嫩莖,26
E2100101,大蒜,115
E2100201,青蒜,27
E2100301,蒜苗,47
E2250101,薤,7
E23001,青蔥平均值,24
E2300101,青蔥,18
E2300102,山東大蔥,28
E2300103,日本甜蔥,28
E2300104,宜蘭粉蔥,23
E2400101,白洋蔥,40
E2400201,紫洋蔥,29
E2400301,黃洋蔥,39
E2500101,紅蔥頭,70
E2600101,韮菜花,21
E2600201,韮菜,18
E2600301,韮菜黃,13
E2700101,九層塔,21
E2800101,小麥苗,27
E2900101,水菜(日本種),8
E30001,甘藍平均值,21
E3000101,梨山甘藍(尖球形),22
E3000102,甘藍(扁圓形),19
E3000103,甘藍(圓球形),22
E3000201,紫色甘藍,24
E3000301,甘藍芽,29
E3000401,冷凍甘藍,16
E3010101,脫水甘藍,308
E3010201,甘藍乾,174
E3050101,酸甘藍菜,16
E3100101,甘藷葉,22
E3200101,蚵仔白菜,10
E3200201,荷葉白菜,12
E3200301,葵扇白菜,11
E3200401,黑葉白菜(短梗),13
E3200501,千寶菜,16
E3200601,土植小白菜(1月取樣),8
E3200602,土植小白菜(3月取樣),8
E3200603,土植小白菜(4月取樣),11
E3200604,土植小白菜(7月取樣),8
E3200605,土植小白菜(10月取樣),9
E3200701,水植小白菜(1月取樣),10
E3200702,水植小白菜(4月取樣),11
E3200703,水植小白菜(7月取樣),10
E3200704,水植小白菜(10月取樣),10
E3200801,有機小白菜(1月取樣),6
E3200802,有機小白菜(4月取樣),12
E3200803,有機小白菜(7月取樣),8
E3200804,有機小白菜(10月取樣),11
E3200901,珍珠小白菜,8
E3201001,油菜心,27
E3201101,油菜,9
E3201201,土植青江菜(1月取樣),8
E3201202,土植青江菜(3月取樣),7
E3201203,土植青江菜(4月取樣),9
E3201204,土植青江菜(7月取樣),12
E3201205,土植青江菜(10月取樣),8
E3201301,水植青江菜(1月取樣),10
E3201302,水植青江菜(4月取樣),12
E3201303,水植青江菜(7月取樣),12
E3201304,水植青江菜(10月取樣),7
E3201401,有機青江菜(1月取樣),7
E3201402,有機青江菜(4月取樣),13
E3201403,有機青江菜(7月取樣),17
E3201404,有機青江菜(10月取樣),7
E3201501,塔菇菜,7
E3201601,廣島野菜,4
E33001,結球白菜平均值,15
E3300101,煙台白菜,12
E3300102,迷你竹筍白菜,18
E3300103,翠玉白菜,17
E3300104,包心白菜,13
E3300201,白菜芽,51
E3400101,白鳳菜,21
E3400201,紅鳳菜,18
E3500101,豆瓣菜,17
E3600101,明日葉,45
E3700101,山芹菜,24
E37002,芹菜平均值,13
E3700201,芹菜(青梗),10
E3700202,芹菜(黃梗),15
E3700301,西洋芹菜,8
E3800101,大心芥菜,33
E3800201,大芥菜,16
E3800301,包心芥菜,14
E38004,芥菜平均值,16
E3800401,芥菜,15
E3800402,雪裡蕻,17
E3850101,梅乾菜,81
E3850201,榨菜,19
E3850301,酸菜,13
E3900101,芥藍菜,16
E3900201,芥藍芽,23
E4000101,芫荽,20
E4100101,紅梗珍珠菜,25
E4200101,食茱萸,95
E4300101,香樁,88
E4400101,茴香,19
E4500101,馬齒莧,13
E4600101,茼蒿,13
E4600201,日本茼蒿,11
E4600301,昭和草,26
E4700101,隼人瓜苗,19
E4800101,白莧菜,13
E4800201,紅莧菜,15
E4800301,野莧菜,33
E4900101,紫蘇,54
E5000101,菠菜,14
E5000201,菠菜(葉),18
E5000301,冷凍菠菜,13
E5100101,菾菜,17
E5100201,黃金菾菜,14
E5200101,落葵,29
E5200201,藤三七,19
E53001,不結球萵苣平均值,13
E5300101,奶油萵苣(日本種),13
E5300102,紅葉萵苣(荷蘭種）,12
E5300103,廣東萵苣,17
E5300104,蘿美萵苣,11
E5300201,土植本島萵苣(1月取樣),14
E5300202,土植本島萵苣(3月取樣),14
E5300203,土植本島萵苣(4月取樣),14
E5300204,土植本島萵苣(7月取樣),20
E5300205,土植本島萵苣(10月取樣),12
E5300301,水植本島萵苣(1月取樣),11
E5300302,水植本島萵苣(4月取樣),12
E5300303,水植本島萵苣(7月取樣),10
E5300304,水植本島萵苣(10月取樣),10
E5300401,有機本島萵苣(1月取樣),11
E5300402,有機本島萵苣(4月取樣),16
E5300403,有機本島萵苣(7月取樣),15
E5300404,有機本島萵苣(10月取樣),11
E5300501,水植波士頓萵苣,5
E5300601,結球萵苣,12
E5400101,豌豆苗,27
E5500101,龍葵,21
E5600101,土植蕹菜(1月取樣),16
E5600102,土植蕹菜(4月取樣),15
E5600103,土植蕹菜(7月取樣),13
E5600104,土植蕹菜(10月取樣),14
E5600201,水植蕹菜(1月取樣),22
E5600202,水植蕹菜(4月取樣),18
E5600203,水植蕹菜(7月取樣),14
E5600204,水植蕹菜(10月取樣),17
E5600301,有機蕹菜(4月取樣),20
E5600302,有機蕹菜(10月取樣),15
E5600401,水蕹菜,19
E5700101,蘿蔔葉,10
E5800101,花椰菜,19
E5800201,冷凍花椰菜,15
E5800301,紫色花椰菜,33
E5800401,青花菜,23
E5800501,冷凍青花菜,19
E5800601,青花菜筍,27
E5810101,花椰菜乾,238
E5900101,金針菜,34
E5910101,金針菜乾,270
E6010101,洛神花乾,240
E6100101,絲瓜花,25
E62001,冬瓜平均值,9
E6200101,冬瓜,11
E6200102,香芋冬瓜,7
E6250101,醃漬冬瓜,20
E63001,南瓜平均值,69
E6300101,日本南瓜,80
E6300102,台灣南瓜,46
E6300103,栗子南瓜,79
E6300104,菊花南瓜,72
E6400101,胡瓜,13
E6400201,花胡瓜,11
E6450101,醃漬花胡瓜,79
E6500101,苦瓜(白皮),14
E6500201,苦瓜(青皮),13
E6500301,珍珠苦瓜,15
E6500401,野苦瓜,22
E6600101,隼人瓜,20
E6700101,白皮蛇瓜,16
E6700201,綠皮蛇瓜,26
E6800101,絲瓜,17
E6800201,稜角絲瓜,18
E6900101,越瓜,16
E6950101,醃漬越瓜,14
E70001,蒲瓜平均值,15
E7000101,蒲瓜(長形),16
E7000102,蒲瓜(圓形),15
E7000201,花蒲瓜(圓形),13
E7000301,葫蘆瓜,17
E7100101,黃櫛瓜,13
E7100201,綠櫛瓜,11
E7210101,枸杞子,325
E7300101,長茄子,20
E7300201,圓茄子,18
E74001,大番茄平均值(紅色系),17
E7400101,牛番茄,17
E7400102,紅番茄,18
E7400103,桃太郎番茄,15
E7400201,黃番茄,22
E74003,大番茄平均值(綠色系),20
E7400301,粉柿番茄,16
E7400302,黑柿蕃茄,21
E7400303,綠番茄,22
E74004,小番茄平均值(紅色系),30
E7400401,聖女小番茄,32
E7400402,試交二號小番茄,26
E7400403,櫻桃小番茄,31
E7400501,黃金小蕃茄,28
E74006,小番茄平均值(橙色系),29
E7400601,金女小番茄,28
E7400602,黃金聖女小番茄,28
E7400603,橙蕃茄,30
E75001,甜椒平均值(青皮),24
E7500101,甜椒(青皮),19
E7500102,小甜椒(青皮),28
E7500103,高山甜椒(青皮),23
E7500201,甜椒(紅皮),30
E7500301,甜椒(黃皮),25
E7500401,甜椒(橙皮),32
E75005,青辣椒平均值,27
E7500501,角椒,17
E7500502,長辣椒(青皮),41
E7500503,糯米椒,22
E75006,紅辣椒平均值,59
E7500601,長辣椒(紅皮),35
E7500602,朝天椒(長果),64
E7500603,朝天椒(圓果),77
E7510101,乾長辣椒(紅皮),303
E7600101,黃秋葵,28
E7700101,青花菜芽,19
E7800101,苜蓿芽,17
E7900101,紫高麗芽,27
E8000101,黃豆芽,29
E8100101,黑豆芽,60
E8200101,葵花芽,22
E8300101,綠豆芽,21
E8400101,豌豆芽,20
E8500101,蕎麥芽,16
E8600101,蘿蔔芽,21
E8700101,山蘇菜,20
E8800101,火炭母草,9
E8900101,石蓮花,9
E9000101,青葙,44
E9100101,假人蔘,30
E9200101,野苦瓜嫩梢,60
E9300101,過溝菜蕨,22
E9400101,蔘鬚,300
E9500101,龍骨瓣莕菜,14
E9600101,薄荷,41
E9700101,蕺菜,42
E9800101,蘆薈,2
E9900101,美國空心菜,18
E9900201,香芫荽,19
E9900301,荷蘭豆菜心,25
E9900401,厥子,12
E9900501,義大利茼蒿,12
E9900601,龍延草,77
F0110101,紅毛苔,214
F0210101,紫菜,212
F0210102,熟紫菜,223
F0310101,髮菜,275
F0400101,麒麟菜,33
F0410101,乾麒麟菜,166
F0500101,礁膜,9
F0610101,乾海茸芯,178
F07001,海帶平均值,14
F0700101,海帶卷,9
F0700102,海帶茸,25
F0700103,海帶梗,9
F0700104,海帶結,12
F0700105,海帶絲,17
F0710101,乾海帶,169
F0800101,裙帶菜,24
F0810101,乾裙帶菜,160
F0810201,乾裙帶菜根,126
F0910101,鳳尾藻,142
F9900101,洋菜,166
F9900201,壽司海苔片,227
F9900301,寒天脆藻,8
G0100101,木耳,24
G0100201,冷凍木耳,27
G01101,乾木耳平均值,224
G0110101,乾木耳(紅耳仔),182
G0110102,乾木耳(黑耳仔),265
G0200101,銀耳,12
G0200201,雪珍耳,31
G0210101,乾銀耳,184
G0250101,銀耳罐頭,45
G0300101,草菇,32
G0350101,草菇罐頭,25
G0400101,雞腿菇,32
G0410101,雞腿菇(乾),259
G0500101,松茸,33
G0600101,白精靈菇,31
G0700101,柳松菇,33
G0710101,乾柳松菇,234
G08001,香菇平均值,31
G0800101,香菇(大),31
G0800102,香菇(小),21
G0800103,花菇,42
G08101,乾香菇平均值,250
G0810101,乾香菇,259
G0810102,乾花菇,253
G0810103,乾白花菇,233
G0810104,乾鈕釦菇,256
G0950101,醃漬香菇,42
G1000101,姬松茸,36
G1010101,乾姬松茸,259
G1100101,酒杯菇,42
G1200101,秀珍菇,25
G1200201,天喜菇,22
G1200301,白蠔菇,27
G1200401,玫瑰菇,26
G1250101,秀珍菇罐頭,16
G1300101,杏香菇,24
G13002,杏鮑菇平均值,35
G1300201,杏鮑菇(大),30
G1300202,杏鮑菇(中),35
G1300203,杏鮑菇(小),41
G1400301,珊瑚菇,29
G1500101,蠔菇,20
G1500201,鮑魚菇,21
G1600101,金針菇,33
G1600201,華翠菇,24
G1650101,金針菇罐頭,17
G1700101,滑菇,24
G1800101,舞菇,27
G1900101,鴻喜菇,25
G1900201,美白菇,24
G2000101,洋菇,23
G2000201,冷凍洋菇,31
G2050101,洋菇罐頭,20
G2100101,白茯苓,162
G2300101,猴頭菇,26
G2300301,猴頭菇罐頭,25
G2310101,乾猴頭菇,242
G2410101,乾竹笙,250
G9000101,松茸白菇,32
G9000201,金喜菇,34
G9000301,喜來菇,33
G9000401,富珍茸,33
H01051,白鳳豆平均值,296
H0105101,白鳳豆(台灣),301
H0105102,白鳳豆(進口),291
H0205101,米豆,317
H0305101,花豆,288
H0350101,花豆罐頭(糖漬),190
H0405101,紅豆,290
H0450101,紅豆罐頭(糖漬),220
H0505101,紅雲豆(大紅豆),285
H0550101,甘納豆,318
H0605101,青仁黑豆,340
H0605201,黃仁黑豆,205
H0610101,黑豆胚芽,146
H0610201,烘烤黑豆,379
H0620101,黑豆粉,396
H0705101,毛綠豆,312
H0705102,綠豆,312
H0710101,綠豆仁,315
H0720101,綠豆粉,319
H0750101,高纖胚芽冬粉,361
H0750201,冬粉,349
H0750301,寬粉,347
H0800101,豇豆(莢),30
H0900101,萊豆仁,102
H1000101,粉豆莢,23
H1000201,敏豆莢,26
H1000301,冷凍菜豆(莢),52
H1100101,毛豆仁,116
H1100201,帶莢毛豆,97
H1100301,冷凍毛豆仁,121
H1105101,黃豆,359
H1110101,黃豆胚芽,151
H1120101,黃豆粉,374
H1150101,豆漿,53
H1150201,豆漿(無糖),32
H1150301,雞蛋豆漿,55
H1150401,鹹豆漿,37
H1150501,黑豆漿,39
H1150601,豆漿優酪乳,68
H1200101,豌豆仁,108
H1200201,豌豆莢,34
H1200301,高山大豌豆莢,44
H1200401,甜豌豆莢,37
H1200501,冷凍豌豆仁,79
H1250101,豌豆仁罐頭,111
H1300101,鵲豆莢,24
H1410101,鹽酥蠶豆,409
H1505101,紅扁豆仁,308
I01001,牛小排平均值,325
I0100101,去骨牛小排,290
I0100102,帶骨牛小排,360
I0100201,牛肋條,225
I0100301,沙朗牛排,162
I0102101,板腱 ,166
I0102201,牛去骨肩胛小排,233
I0104101,牛前胸肉,331
I0104201,牛修清前胸肉,120
I0106101,去骨紐約克牛排,189
I0106201,腓力牛排,184
I0108101,牛後腿肉,122
I0108201,牛後腿股肉,153
I0108301,牛後腿腱子心,139
I01101,牛肉火鍋片平均值,250
I0110101,牛五花肉火鍋片,430
I0110102,牛紐約客火鍋片,263
I0110103,牛梅花肉火鍋片,120
I0110104,牛嫩肩里肌火鍋片,188
I01201,牛肚平均值,56
I0120101,牛肚(瘤胃),44
I0120102,牛肚切片(瘤胃),67
I0120201,牛肚(蜂巢胃),107
I0120301,牛筋,157
I0120401,滷牛筋,119
I0200101,山羊帶皮羊肉塊,164
I0200201,山羊前腿肉片,123
I0200301,山羊後腿肉火鍋片,170
I0210101,綿羊肉切片,198
I0210201,法式羊排,260
I0210301,去骨肩頸眼羊肉,198
I0210401,小羊腰脊肉,143
I0210501,綿羊腹脅肉火鍋片,252
I0300101,豬下肩肉,200
I0300201,豬下肩瘦肉,131
I0300301,豬上肩肉,207
I0300401,豬肩胛肉,295
I0300501,豬肩胛排,191
I0300601,豬前腿外腱肉,146
I0302101,豬後腿外腱肉,176
I0302201,豬後腿肉,123
I0302301,豬後腿瘦肉,111
I0304101,豬大里肌,212
I0304201,豬大排,214
I0304301,豬小排,287
I0304401,僧帽肌,209
I0306101,豬小里肌,139
I0308101,豬去皮腹脇肉,360
I0308201,豬帶皮腹脇肉,368
I0308301,豬腹脇排,267
I0310101,豬肝連,199
I0310201,豬頰肉,182
I0310301,豬頸肉,284
I03104,豬絞肉平均值,212
I0310401,豬絞肉(70％瘦肉率),218
I0310402,豬絞肉(90％瘦肉率),205
I0320101,豬心,128
I0320201,豬白管,93
I0320301,豬皮,491
I0320401,豬耳,233
I0320501,豬舌,185
I0320601,豬血,29
I0320701,豬尾,295
I0320801,豬肝,126
I0320901,醃燻豬肝,167
I0321001,膽肝,252
I0321101,豬肚,152
I0321201,熟豬肚,137
I0321301,豬油渣,837
I03214,豬骨湯平均值,8
I0321401,豬大骨湯,7
I0321402,豬肋骨湯,9
I0321403,豬肩骨湯,8
I0321501,豬軟骨,332
I0321601,豬腎,82
I0321701,豬脾臟,79
I0321801,豬大腸,198
I0321901,豬小腸,156
I0322001,豬空腸,186
I0322101,豬前腳,252
I0322201,豬後腳,253
I0322301,豬蹄膀,331
I0322401,滷豬腳,237
I0322501,豬腳筋,72
I0322601,豬腦,125
I0400101,土雞,188
I0400201,肉雞,248
I0400301,烏骨雞,213
I0400401,烤雞,233
I04021,里肌肉平均值,109
I0402101,里肌肉(土雞),112
I0402102,里肌肉(肉雞),106
I0402201,帶骨去皮對切胸(肉雞),104
I0402301,帶骨帶皮對切胸(肉雞),219
I04024,去皮清肉平均值,119
I0402401,去皮清肉(土雞),121
I0402402,去皮清肉(肉雞),117
I04041,骨腿平均值,172
I0404101,骨腿(土雞),130
I0404102,骨腿(肉雞),214
I04042,清腿平均值,157
I0404201,清腿(土雞),142
I0404202,清腿(肉雞),173
I04043,棒棒腿平均值,150
I0404301,棒棒腿(土雞),143
I0404302,棒棒腿(肉雞),157
I04044,雞排平均值,183
I0404401,雞排(土雞),158
I0404402,雞排(肉雞),208
I04061,二節翅平均值,229
I0406101,二節翅(土雞),228
I0406102,二節翅(肉雞),230
I04062,三節翅平均值,210
I0406201,三節翅(土雞),198
I0406202,三節翅(肉雞),222
I0406301,翅腿(肉雞),210
I0410101,雞絞肉,131
I0420101,雞心(肉雞),190
I0420201,雞尾椎,505
I0420301,雞肝(肉雞),111
I0420401,雞胗(肉雞),89
I0420501,冷凍烤雞翅,217
I0420601,雞胸骨湯,9
I0420701,雞睪丸,71
I0420801,雞腳(肉雞),216
I0420901,雞膝軟骨(肉雞),107
I0500101,太空鴨,319
I0500201,番鴨,224
I0500301,太空鴨(去皮),102
I0500401,土番鴨,111
I0502101,櫻桃鴨胸肉片,227
I0504101,鴨腿,282
I0520101,鴨血,29
I0520201,鴨胗,97
I0520301,去骨鴨掌,113
I0520401,鴨腸,94
I0520501,鴨賞,304
I0600101,鵝肉,187
I0600201,茶鵝,352
I0602101,鵝胸肉,120
I0604101,鵝腿肉,130
I0604201,熟鵝腿肉,292
I0620101,鵝心,241
I0620201,鵝肝,123
I0620301,鵝胗,95
I0620401,鵝腸,63
I0700101,火雞肉,141
I0802101,鴕鳥菲力肉排,105
I0804101,鴕鳥沙朗肉排,97
I0810101,鴕腱肉,107
I0810201,鴕腩肉,144
I0900101,雉雞,124
I9900101,虎皮蛙,94
I9900201,蛇肉,85
J0200201,雙髻鯊,117
J0200202,雙髻鯊腹肉,110
J0200301,鯊魚切片,106
J0200401,鯊魚煙,98
J0400101,魟魚,106
J0400201,日本鰻鱺魚片(生),254
J0400301,日本鰻鱺魚片(蒲燒),276
J0400401,灰海鰻,97
J0400501,魩仔魚,56
J04006,魩仔魚平均值(加工),124
J0400601,"魩仔魚(加工,大)",97
J0400602,"魩仔魚(加工,小)",151
J0400701,鹽漬小鱗脂眼鯡(鹹馧仔),228
J0400801,日本銀帶鯡,101
J0400901,日本銀帶鯡(加工),111
J0400902,日本銀帶鯡魚干(丁香魚脯),273
J04010,虱目魚平均值(去皮),179
J0401001,虱目魚(2月),180
J0401002,虱目魚(5月),189
J0401003,虱目魚(8月),124
J0401004,虱目魚(9月),208
J0401005,虱目魚(12月),192
J0401101,虱目魚(含皮),200
J0401201,虱目魚腹肉(虱目魚肚),342
J0401301,草魚切片,166
J0401401,草魚(含皮),91
J0401501,鯉,91
J0401601,鱅,145
J0401701,鬍鯰,194
J0401801,斑海鯰,86
J0401901,長體油胡瓜魚,104
J0402001,香魚,147
J0402101,銀魚,69
J0402201,白肉鮭魚切片,151
J0402301,紅肉鮭魚切片,158
J04024,大西洋鮭魚平均值(去皮),221
J0402401,大西洋鮭魚(台灣養殖),155
J0402402,大西洋鮭魚切片(中段),174
J0402403,大西洋鮭魚切片(尾段),204
J0402404,大西洋鮭魚生魚片,222
J0402405,大西洋鮭魚腹肉,349
J0402501,麥奇鈎吻鮭(去皮),160
J0402601,麥奇鈎吻鮭(含皮),147
J0402701,姬魚,104
J0402801,印度鐮齒魚,49
J0402901,狗母魚(蛇鯔),103
J0403001,鮟鱇,68
J04031,鯔平均值(去皮),152
J0403101,鯔(2月),137
J0403102,鯔(4月),133
J0403103,鯔(8月),224
J0403104,"鯔(11月,雄魚)",129
J0403105,"鯔(11月,雌魚)",141
J0403106,"鯔(12月,雄魚)",137
J0403107,"鯔(12月,雌魚)",149
J0403108,鯔切片,170
J0403201,鯔(含皮),155
J0403301,斑鰭飛魚,94
J0403401,斑鱵,91
J0403501,鱷形叉尾鶴鱵,98
J0403601,金鱗魚,85
J0403701,鱗馬鞭魚,84
J0403801,黃鱔,88
J0403901,石狗公,80
J0404001,環紋簑鮋,79
J0404101,深海鱗角魚,80
J0404201,尖嘴鱸(去皮),98
J0404301,尖嘴鱸(含皮),107
J04044,日本花鱸平均值,98
J0404401,日本花鱸(2月),95
J0404402,日本花鱸((3月),100
J0404403,日本花鱸((8月),95
J0404404,日本花鱸((11月),99
J0404405,日本花鱸((12月),101
J0404501,日本花鱸(含皮),125
J0404601,白鱸,76
J0404701,條紋狼鱸,147
J0404801,鱖,89
J0404901,白緣星鱠,101
J04050,青星九刺鮨平均值,94
J0405001,青星九刺鮨,83
J0405002,青星九刺鮨魚片,104
J0405101,斑帶石斑魚,90
J0405201,斑點九刺鮨(去皮),82
J0405301,斑點九刺鮨(含皮),84
J0405401,棕點石斑魚,115
J0405501,鞍帶石斑魚片,155
J0405601,駝背鱸,83
J0405701,橫紋九刺鮨,85
J0405801,大口黑鱸,130
J0405901,日本紅目大眼鯛,97
J0406001,血斑異大眼鯛,93
J0406101,多鱗沙鮻,90
J0406201,日本馬頭魚,85
J0406301,白馬頭魚,91
J0406401,鬼頭刀魚片,78
J0406501,鬼頭刀,107
J0406601,海鱺,106
J0406602,海鱺魚片,260
J0406701,大口逆鈎鰺,103
J0406801,大甲鰺,105
J0406901,日本竹筴魚,116
J0407001,布氏鯧鰺(去皮),192
J0407101,布氏鯧鰺(含皮),190
J0407201,杜氏鰤,115
J0407301,范氏副葉鰺,108
J0407401,泰勃圓鰺,113
J0407501,烏鯧,92
J0407601,無斑圓鰺,119
J0407701,藍圓鰺,114
J0407801,雙帶鰺,118
J0407901,眼眶魚,113
J0408001,斯氏長鰭烏魴,97
J0408101,史氏紅諧魚,97
J0408201,希氏姬鯛,91
J0408301,赤鰭笛鯛,88
J0408401,孟加拉笛鯛,87
J0408501,前鱗笛鯛,101
J0408601,馬拉巴笛鯛,86
J0408701,單斑笛鯛,106
J0408801,黃擬烏尾鮗,80
J0408901,葉唇笛鯛,118
J0409001,松鯛,98
J0409101,三線磯鱸,130
J0409201,星雞魚,99
J0409301,密點少棘胡椒鯛,94
J0409401,金線魚,119
J0409501,青嘴龍占魚,128
J0409601,網紋龍占魚,101
J0409701,平鯛,175
J0409801,阿部牙鯛,124
J04099,真鯛平均值(去皮),110
J0409901,真鯛(1月),100
J0409902,真鯛(3月),101
J0409903,真鯛(5月),87
J0409904,真鯛(8月),176
J0409905,真鯛(9月),92
J0409906,真鯛(11月),105
J0410001,黃鰭棘鯛,136
J0410101,黑棘鯛(去皮),136
J0410201,黑棘鯛(含皮),163
J0410301,多鱗四指馬鮁,146
J0410401,大黃魚,142
J0410501,小黃魚(去皮),100
J0410601,小黃魚(含皮),100
J0410701,白姑魚,97
J0410801,眼斑擬石首魚,95
J0410901,黃姑魚,89
J0411001,黑或(或字加魚邊),149
J0411101,鮸,104
J0411201,鱗鰭叫姑魚,99
J0411301,黑斑海緋鯉,97
J0411401,斑點雞籠鯧,97
J0411501,花身鯻,157
J0411601,花尾唇指翁(翁加魚邊) ,116
J0411701,尼羅口孵非鯽(去皮),113
J0411801,尼羅口孵非鯽(含皮),125
J0411901,花身副麗魚,112
J0412001,紅色吳郭魚,108
J0412002,台灣鯛魚片(生),110
J0412101,台灣鯛魚片(水煮),130
J0412102,台灣鯛魚片(油煎),162
J0412103,"台灣鯛魚片(烤,190℃,10分鐘)",111
J0412104,"台灣鯛魚片(烤,190℃,20分鐘)",134
J0412105,"台灣鯛魚片(烤,230℃,10分鐘)",127
J0412106,"台灣鯛魚片(烤,230℃,20分鐘)",142
J0412107,台灣鯛魚片(清蒸),112
J0412108,台灣鯛魚片(微波),140
J0412201,台灣鯛魚湯(水煮),5
J0412301,莫三比克口孵非鯽,112
J0412401,薔薇項鰭魚(去皮),96
J0412501,薔薇項鰭魚(含皮),93
J0412601,藍豬齒魚,81
J0412701,福氏鸚哥魚(去皮),84
J0412801,橫紋鸚哥魚(含皮),81
J0412901,藍點鸚哥魚,86
J0413001,金錢魚,196
J0413101,褐臭肚魚,164
J0413201,杜氏刺尾鯛,137
J0413301,後刺尾鯛,102
J0413401,鋸尾鯛,93
J0413501,大眼金梭魚,157
J0413601,鱗網帶鰆切片,272
J0413701,鱗網帶鰆(含皮),263
J0413801,白帶魚,102
J0413901,大目鮪,103
J0414001,正鰹,149
J0414101,花腹鯖,144
J0414201,高麗馬加鰆,119
J0414301,康氏馬加鰆切片(去皮),193
J0414401,康氏馬加鰆切片(含皮),176
J0414501,臺灣馬加鰆,180
J0414601,鮪魚生魚片,100
J0414701,鯖魚(生),417
J0414801,鯖魚(炒),410
J0414802,鯖魚(炸),555
J0414803,"鯖魚(烤,150度,10分)",412
J0414804,"鯖魚(烤,150度,20分)",396
J0414805,"鯖魚(烤,150度,30分)",536
J0414806,"鯖魚(烤,180度,10分)",373
J0414807,"鯖魚(烤,210度,10分)",472
J0414808,鯖魚(煮),375
J0414809,鯖魚(煎),403
J0414810,鯖魚(蒸),392
J0414811,鯖魚(醃製),281
J0414901,旗魚切片,111
J0414902,旗魚腹肉,105
J0415001,刺鯧(去皮),95
J0415101,刺鯧(含皮),155
J0415201,星斑真鯧,214
J04153,銀鯧平均值(去皮),115
J0415301,銀鯧(2月),123
J0415302,銀鯧(3月),120
J0415303,銀鯧(5月),105
J0415304,銀鯧(8月),101
J0415305,銀鯧(12月),126
J0415401,銀鯧(含皮),132
J0415501,斑鱧,119
J0415601,大口鰜切片(含皮),166
J0415701,鰈魚切片,190
J0415801,雙線鬚鰨,92
J0415901,單角革單棘魨(去皮),79
J0416001,單角革單棘魨(含皮),76
J0416101,克氏兔頭魨,77
J0416201,翻車魨腹肉,47
J0416301,犬牙南極魚切片,282
J0416401,低眼無齒芒魚片(芒加魚邊),76
J0416501,秋刀魚,314
J0600101,圓鱈魚鰓肉,84
J0600201,鯛魚下巴,245
J0600301,鯊魚翅,186
J0600401,魚翅唇,47
J0600501,翻車魨魚皮,59
J0600601,鯊魚皮,58
J0700101,油魚卵(加工),445
J0700201,圓鱈魚卵(加工),84
J0700301,鮸魚卵(加工),184
J0700401,鯔魚卵,256
J0700502,鯔魚卵(加工),233
J0700601,鰆魚卵,193
J0700701,鰹魚卵,184
J0702101,鯔魚精囊,89
J0705101,鮟鱇魚肝,136
J0707101,旗魚肚,99
J0707101,鮪魚肚,106
J0800101,小魚干,335
J0800201,扁魚干,354
J0800301,香魚片,307
J0800401,柴魚片,383
J2100101,羅氏沼蝦,88
J2100201,北方長額蝦(加工),122
J2100301,東方異腕蝦,78
J2100401,胭脂蝦,114
J2100501,日本玻璃蝦,83
J2100601,相模後海螯蝦,79
J2100701,中國對蝦,84
J21008,日本對蝦平均值,97
J2100801,日本對蝦(大),97
J2100802,日本對蝦(小),96
J21009,白對蝦平均值,103
J2100901,白對蝦(大),109
J2100902,白對蝦(小),96
J2101001,哈氏彷對蝦,82
J2101101,草對蝦,100
J2101201,藍對蝦,95
J2101301,鬚赤蝦,92
J2101401,大管鞭蝦,88
J2101501,隆脊管鞭蝦,96
J2101601,螳螂蝦,67
J2101701,日本龍蝦,93
J2101801,正櫻蝦(生),88
J2101901,正櫻蝦(熟),97
J2102001,正櫻蝦(加工),253
J2200101,大頭蝦仁,40
J2200201,明蝦仁,52
J2200301,紅蝦仁,43
J2200401,海鱸蝦仁,73
J2200501,草蝦仁,44
J2200601,鳳尾蝦仁,64
J2200701,鬚赤蝦仁,80
J2200801,龍蝦卵(調味),64
J2300101,蝦皮,155
J2300201,蝦米,264
J2300301,金鉤蝦乾,257
J2500101,紅蟳,122
J2500201,蛙形蟹,72
J2600101,蟹腳肉,52
J3100101,竹蟶(冷凍),42
J31002,真牡蠣平均值,54
J3100201,真牡蠣,49
J3100202,帶殼真牡蠣(生蠔),59
J3100301,黑齒牡蠣,55
J3100401,蝦夷海扇蛤,70
J3100501,綠殼菜蛤,96
J3100601,綠殼菜蛤干(淡菜),263
J3100701,西施舌,53
J3100801,台灣蜆,51
J3100901,大文蛤,21
J3101001,文蛤,37
J3101101,波紋橫簾蛤 ,48
J3101201,菲律賓簾蛤,37
J3101301,環文蛤,46
J3200101,干貝(冷凍),57
J32002,干貝(乾)平均值,242
J3200201,干貝(乾),256
J3200202,小干貝(乾),228
J3300101,牡蠣干,243
J35001,真烏賊平均值,57
J3500101,真烏賊(大),61
J3500102,真烏賊(小),53
J3500201,章魚,61
J3500301,阿根廷魷,71
J3500401,泡魷魚,50
J3500501,台灣鎖管,72
J3500601,尖鎖管 ,100
J3500701,軟翅仔,70
J3500801,香螺 ,86
J3500901,象牙鳳螺,78
J3501001,泥螺,95
J3501101,雪螺,40
J3501201,九孔螺,73
J3501301,鮑魚,69
J3501401,蠑螺(加工),65
J3501501,蝸牛肉,78
J3600101,烏賊精囊,43
J3700101,小卷干,246
J3700201,鹹小卷,98
J4100101,白海參,32
J4100201,仿刺參,36
J4100301,南美刺參,52
J4100401,紅海參,33
J4100501,黑烏參,29
J5100101,海蜇皮,19
K01001,雞蛋平均值,134
K0100101,雞蛋(白殼),137
K0100102,雞蛋(黃殼),132
K0100201,土雞蛋,129
K0100301,烏骨雞蛋,160
K0100401,雞蛋(高DHA),132
K0100501,雞蛋(高次亞麻油酸),139
K0100601,雞蛋(高亞麻油酸),133
K0100701,初卵雞蛋,136
K0100801,雞蛋(高維生素A&E),134
K0100901,雞蛋(高維生素E),143
K01061,雞蛋白平均值,50
K0106101,雞蛋白(白殼),48
K0106102,雞蛋白(黃殼),52
K0106201,烏骨雞蛋白,47
K01081,雞蛋黃平均值,308
K0108101,雞蛋黃(白殼),330
K0108102,雞蛋黃(黃殼),286
K0108201,烏骨雞蛋黃,344
K0108301,雞蛋黃(高維生素E),314
K0110101,溫泉蛋,127
K0111101,雞水煮蛋,144
K01113,雞皮蛋平均值,127
K0111601,雞水煮蛋白,61
K0111801,雞水煮蛋黃,343
K01121,茶葉蛋平均值,141
K0112101,茶葉蛋(市售),138
K0112102,茶葉蛋(浸泡隔夜),145
K0112601,茶葉蛋白(浸泡隔夜),58
K0112801,茶葉蛋黃(浸泡隔夜),342
K0113101,雞皮蛋,132
K0113201,土雞皮蛋,122
K01201,滷蛋平均值,171
K0120101,雞滷蛋(市售),191
K0120102,雞滷蛋(現煮),178
K0120103,雞滷蛋(浸泡隔夜),182
K01206,滷蛋白平均值,75
K0120601,雞滷蛋白(現煮),84
K0120602,雞滷蛋白(浸泡隔夜),89
K01208,滷蛋黃平均值,378
K0120801,雞滷蛋黃(現煮),376
K0120802,雞滷蛋黃(浸泡隔夜),382
K0121101,雞鐵蛋,288
K0122101,雞水波蛋,147
K0123101,荷包蛋(不加油),162
K0123201,荷包蛋(加油1小匙),192
K0150101,煎蛋(不加油),161
K0150201,炒蛋(加油3大匙),215
K01503,蒸蛋平均值,64
K0150301,蒸蛋(市售),32
K0150302,蒸蛋(微波爐),82
K0150303,蒸蛋(電鍋),80
K0200101,鴨蛋,187
K0200201,紅面番鴨蛋,198
K0206101,鴨蛋白,47
K0208101,鴨蛋黃,347
K0213101,鴨皮蛋,158
K02141,鴨鹹蛋平均值,185
K0214101,鴨生鹹蛋,187
K0214102,鴨熟鹹蛋,185
K0214103,鴨熟鹹蛋(薄鹽),185
K0214801,鴨鹹蛋黃,533
K0300101,鵪鶉蛋,172
K0311101,鵪鶉水煮蛋,163
K0313101,鵪鶉皮蛋,158
K0314101,鵪鶉鹹蛋,171
K0320101,鵪鶉滷蛋,200
K0321101,鵪鶉鐵蛋,439
K0400101,鴿蛋,96
K0500102,鵝蛋,179
L0100101,高脂鮮乳,73
L01021,全脂鮮乳平均值,63
L0102101,全脂鮮乳(1月取樣),62
L0102102,全脂鮮乳(4月取樣),62
L0102103,全脂鮮乳(6月取樣),63
L0102104,全脂鮮乳(9月取樣),64
L0102105,全脂鮮乳(10月取樣),64
L0102106,全脂鮮乳(11月取樣),62
L0102107,全脂鮮乳(12月取樣),64
L0104101,中脂鮮乳,48
L0106101,低脂鮮乳,43
L0110101,高脂強化鮮乳(鈣強化),68
L0110201,高脂強化鮮乳(寡醣強化),69
L0114101,中脂強化鮮乳(脂肪酸調整),59
L0116101,低脂強化鮮乳(維生素E強化),41
L0116201,低脂強化鮮乳(寡醣強化),46
L0118101,脫脂強化鮮乳(鈣強化),42
L0118201,脫脂強化鮮乳(寡醣強化),36
L0118301,脫脂強化鮮乳(鐵強化),41
L0124101,中脂調味乳(巧克力),61
L0124201,中脂調味乳(多穀類),65
L0124301,中脂調味乳(果汁),54
L0124401,中脂調味乳(鈣強化),67
L0124501,中脂調味乳(維生素強化),59
L0124601,中脂調味乳(纖維&維生素E強化),64
L0126101,低脂調味乳(木瓜),61
L0130101,高脂保久乳,71
L0132101,全脂保久乳,62
L0134101,中脂保久乳,48
L0146101,低脂強化保久乳(寡糖強化),46
L0154101,中脂調味保久乳(巧克力),59
L0154201,中脂調味保久乳(布丁),61
L0200101,全脂奶粉,504
L0204101,部份脫脂奶粉,420
L0204201,部份脫脂奶粉(即溶),445
L0204301,部份脫脂低乳糖奶粉,416
L0207101,脫脂奶粉,361
L0207201,脫脂奶粉(即溶),360
L0211101,全脂強化奶粉(纖維強化),494
L0214101,部份脫脂強化奶粉(鈣強化),408
L0214201,部份脫脂強化奶粉(纖維&DHA強化),466
L0214301,部份脫脂強化奶粉(纖維&鈣強化),373
L0214401,部份脫脂強化奶粉(脂肪酸調整),481
L0217101,脫脂強化奶粉(抗氧化),365
L0217201,脫脂強化奶粉(鈣&維生素A強化),360
L0217301,"脫脂強化奶粉(鈣&維生素C,E強化)",360
L0217401,脫脂強化奶粉(鈣&鐵強化),360
L0224101,部份脫脂調味奶粉(巧克力),391
L0224201,部份脫脂調味奶粉(果汁),430
L0308101,脫脂稀釋發酵乳,68
L0308201,脫脂稀釋發酵乳(鈣強化),72
L0312101,全脂濃稠發酵乳,90
L0314101,中脂濃稠發酵乳,80
L0314201,中脂濃稠發酵乳(無糖&纖維強化),73
L0314301,中脂濃稠發酵乳(草莓),88
L0316101,低脂濃稠發酵乳,73
L0318101,脫脂濃稠發酵乳,63
L0318201,脫脂濃稠發酵乳(低熱量),37
L0318301,脫脂濃稠發酵乳(草莓),68
L0318401,脫脂濃稠發酵乳(啤酒酵母),34
L0320101,高脂凝態發酵乳(纖維強化),91
L0322101,全脂凝態發酵乳,97
L0324101,中脂凝態發酵乳(草莓),102
L0324201,中脂凝態發酵乳(蘆薈),89
L0328101,脫脂凝態發酵乳(纖維強化),84
L0338101,脫脂保久稀釋發酵乳,46
L0348101,脫脂保久濃稠發酵乳(草莓&蘋果),68
L0400101,淡煉乳,136
L0400201,加糖部份脫脂煉乳,318
L0500101,切片乾酪,309
L0500201,切片乾酪(低脂),241
L0500301,刨絲乾酪,323
L0500401,乾酪粉,484
L1000101,鮮奶可可,77
L1000201,木瓜牛奶,41
L1100101,高脂鮮羊乳,65
L1104101,中脂鮮羊乳,48
L1132101,保久羊乳,59
L1154101,中脂調味保久羊乳(巧克力),59
L1154201,中脂調味保久羊乳(果汁),75
L1200101,全脂羊奶粉,510
L1200201,全脂羊奶粉(即溶),517
M0100101,牛油(未精煉),642
M0100201,牛油(精煉),885
M0200101,豬油,890
M0200201,高油酸豬油,893
M0300101,雞油,891
M0900101,"奶油(固態,不加鹽)",733
M0900201,"奶油(固態,加鹽)",699
M0900301,奶油(液態),340
M1000101,人造奶油(維生素強化),725
M1000201,中脂人造奶油,674
M1000301,人造奶油(低熱量),94
M1100101,大豆油,884
M1100201,大豆油(卵磷脂強化),880
M1100301,大豆油(多種維生素強化),883
M1200101,玉米油,883
M1300101,米油(秈米),883
M1300201,米油(粳米),883
M1400101,亞麻仁油,820
M1500101,白芝麻油,884
M1500201,黑芝麻油,881
M1550101,調合芝麻油,884
M1600101,花生油,883
M1650101,調合花生油,884
M1700101,油菜籽油,883
M1800101,芥花油,883
M1900101,南瓜籽油,883
M2000101,紅花籽油,884
M2000201,高油酸紅花籽油,880
M2100101,核桃油,883
M2200101,油茶油,883
M2200201,熟油茶油,883
M2300101,高油酸棕櫚油,883
M2400101,椰子油,883
M2500101,葵花籽油,884
M2500201,葵花籽油(多種維生素強化),883
M2500301,高油酸葵花籽油,883
M2600101,葡萄籽油,884
M2700101,橄欖油,884
M9900101,烤酥油,883
M9900201,調合植物油,887
M9900301,中鏈脂肪酸油,883
N0100101,方糖,385
N0100201,冰糖,387
N0100301,紅砂糖,385
N0100401,黑砂糖,365
N0200101,麥芽糖,325
N0300101,果糖,297
N0400101,果寡糖,300
N0600101,楓糖,258
N0700101,蜂蜜(冬蜜),315
N0700201,蜂蜜(春蜜),308
N0800101,黑糖蜜,280
N0900101,冬瓜糖磚,360
O0100101,西瓜汁(非原汁),30
O0100201,芭樂汁(非原汁),45
O0100301,柳橙汁(非原汁),50
O0100401,柳橙汁(100%),47
O0100501,烏梅汁,57
O0100601,黑棗茶,46
O0100701,楊桃汁(非原汁),48
O0100801,葡萄柚汁(非原汁),40
O0100901,鳳梨汁(非原汁),47
O0101001,蔓越莓汁(非原汁),45
O0101101,檸檬汁(非原汁),33
O0101201,蘋果汁(非原汁),47
O0101301,蘋果汁(100%),51
O0200101,蕃茄汁(非原汁),22
O0200201,仙草蜜,35
O0200301,薑母茶,28
O0200401,蘆薈露飲料,43
O0200501,黑豆茶,13
O0200601,龜苓茶,33
O0400101,果汁醋飲料(綜合),37
O0600101,可樂,51
O0600201,可樂(低熱量),1
O0600301,沙士,37
O0600401,加鹽沙士,62
O0600501,沙士(低糖),43
O0600601,汽水(綜合口味),42
O0600701,汽水(維生素強化),46
O0700101,美式咖啡(無糖),2
O0700201,無糖咖啡飲料,4
O0700301,拿鐵咖啡(無糖),43
O0700401,咖啡(三合一),39
O0700501,紅茶茶湯,0
O0700601,紅茶(大麥),34
O0700701,紅茶(蘋果),37
O0700801,烏龍茶茶湯,0
O0700901,烏龍茶,0
O0701001,"烏龍茶(去冰,微糖)",16
O0701101,"烏龍茶(去冰,半糖)",21
O0701201,"烏龍茶(去冰,全糖)",36
O0701301,綠茶茶湯,0
O0701401,綠茶,22
O0701501,鮮奶茶(無糖),27
O0701601,奶茶(三合一),42
O0701701,"烏龍奶茶(去冰,微糖)",59
O0701801,"烏龍奶茶(去冰,半糖)",62
O0701901,"烏龍奶茶(去冰,全糖)",75
O0702001,"珍珠奶茶(去冰,微糖)",75
O0702101,"珍珠奶茶(去冰,半糖)",84
O0702201,"珍珠奶茶(去冰,全糖)",94
O0702301,奶茶沖泡包(三合一),452
O0702401,茉莉花茶湯,0
O0702501,茉莉花茶,28
O0702601,菊花茶,30
O0702701,多多綠茶(全糖),49
O0702801,冬瓜茶,33
O0702901,乳酸飲料,45
O0703001,維生素強化飲料(胡蘿蔔素),39
O0703101,維生素強化飲料(綜合),54
O0703201,維生素強化飲料(維生素C),57
O0703301,運動飲料,28
O0703401,米醋飲料,52
O0900101,即溶咖啡粉,318
O0900201,咖啡沖泡包(二合一),478
O0900301,咖啡沖泡包(三合一),437
O0900401,紅茶沖泡包(檸檬),397
O0900501,米漿粉,440
O0900601,麥片沖泡包(三合一),405
O0900701,三合一麥片(野菜蘑菇),388
O0900801,糙米麩,381
O0900901,麵茶粉,418
O0901001,植物燕麥奶,430
O0901101,杏仁茶沖泡包,398
O0901201,芝麻糊沖泡包,450
O0901301,綜合堅果穀物沖泡包,436
O0901401,豆漿粉,409
O0901501,薑茶沖泡包,399
O9900301,椰奶,49
P0100101,八角,244
P0100201,小茴香粉,342
P0100301,山葵粉,360
P0100401,五香粉,268
P0100501,甘草粉,265
P0100601,肉桂粉,241
P0100701,西洋芹菜片,271
P0100801,花椒粉,271
P0100901,洋香菜片,265
P0101001,洋蔥粉,335
P0101101,白胡椒粉,288
P0101201,紅胡椒粒,320
P0101301,黑胡椒粉,325
P0101401,綠胡椒粒,302
P0101501,迷迭香粉,342
P0101601,荳蔻粉,409
P0101701,蒜粉,300
P0101801,辣椒粉,307
P0101901,薑黃粉,329
P0102001,薑粉,295
P0102101,羅勒片,222
P0200101,七味唐辛子,370
P0200201,沙茶粉,477
P0200301,豆酥,513
P0200401,咖哩粉,344
P0200501,咖哩塊,505
P0200601,油蔥酥,489
P0200701,梅子粉,268
P0200801,椰子粉,606
P0200901,蒜頭酥,436
P0201001,糖粉,399
P0201101,椰漿,207
P0201201,黃耆水,14
P0201301,黃耆片,258
P0300101,岩鹽,2
P0300201,低鈉鹽,11
P0400101,味精,251
P0400201,高鮮味精,269
P0400301,鮮雞精,261
P0400401,鰹魚粉,240
P0500101,高湯塊(排骨),362
P0500201,高湯塊(雞肉),339
P0500301,高湯(豬大骨),49
P0500401,低脂高湯,2
P0500501,素食高湯,17
P0600101,米醋,10
P0600201,糯米醋,17
P0600301,高梁醋,27
P0600401,薏仁醋,13
P0600501,紅醋,4
P0600601,香醋,3
P0600701,烏醋,37
P0600801,素食烏醋,42
P0600901,壽司醋,181
P0700101,醬油,90
P0700201,薏仁醬油,83
P0700301,黑豆醬油,113
P0700401,淡色醬油,77
P0700501,薄鹽醬油(低鈉),77
P0700601,薄鹽醬油(低鈉高鉀),56
P0700701,醬油膏,103
P0700801,黑豆油膏,146
P0700901,薄鹽黑豆醬油膏,124
P0800101,味醂,220
P0800201,鮮味露,74
P0800301,蠔油,156
P0800401,魚露,64
P0900101,紅辣椒油,899
P0900201,香油,883
P0900301,蝦油,55
P1000101,干貝醬,555
P1000201,牛肉醬,505
P1000301,肉燥,397
P1000401,素肉燥,477
P1000501,義式乳酪醬,209
P1000601,炸醬,386
P1000701,素食炸醬,382
P1000801,海苔醬,218
P1000901,麻醬,620
P1001001,速食乾麵麻醬包,667
P1001101,白醬,59
P1001201,青醬,79
P1001301,蕃茄義大利麵醬,67
P1001401,五味醬,138
P1001501,牛排醬,128
P1001601,羊肉爐醬,128
P1001701,沙茶醬,721
P1001801,素沙茶醬,665
P1001901,黃芥茉醬,64
P1002001,山葵醬,328
P1002101,金桔醬,80
P1002201,海鮮醬,226
P1002301,烤肉醬,155
P1002401,排骨醬,218
P1002501,甜辣醬,115
P1002601,甜麵醬,212
P1002701,朝鮮醬,102
P1002801,黑胡椒醬,114
P1002901,日式照燒醬,227
P1003001,蒜蓉醬,279
P1003101,辣蒜蓉醬,69
P1003201,辣椒醬,73
P1003301,蔥醬,145
P1003401,糖醋醬,129
P1003501,蕃茄醬,111
P1003601,薑蓉醬,61
P1003701,蘑菇醬,56
P1003801,米豆醬,123
P1003901,蒜味豆豉醬,264
P1004001,豆酥醬,660
P1004101,豆瓣醬,170
P1004201,辣豆瓣醬,90
P1004301,紅麴醬,161
P1004401,韭花醬,24
P1004501,香椿醬,497
P1004601,麻婆醬,185
P1004701,蝦醬,99
P1100101,沙拉醬,644
P1100201,無蛋沙拉醬,479
P1100301,千島沙拉醬,514
P1100401,和風沙拉醬,128
P1100501,凱撒沙拉醬,336
P1200101,味噌,206
P1300101,法式奶酥醬,596
P1300201,巧克力醬(液體),272
P1300301,草莓果醬,269
P1300401,葡萄果醬,258
P1300501,柚子果醬,263
P1300601,桑葚果醬,225
P1300701,白芝麻麵包醬,665
P1300801,黑芝麻麵包醬,653
P1300901,花生醬,635
P1301001,洋蔥麵包醬,273
P1301101,法式香蒜醬,790
P1400101,液體奶精,262
P1400201,奶精粉,544
P1400301,奶精粉(低脂),450
P1500101,炸排粉,340
P1500201,炸雞粉,320
P1500301,蒸肉粉(五香),345
P1500401,熱狗粉,352
P1500501,麵包粉,365
P1500601,酵母粉,304
Q0100101,冷藏寧波年糕,218
Q0100201,冷藏甜年糕,241
Q0100301,冷藏廣式芋頭粿,107
Q0100401,冷藏廣式蘿蔔糕,109
Q0100501,包餡甜麻糬(紅豆),325
Q0200101,鹹麻糬,245
Q0300101,芋仔餅,347
Q0300201,月餅(棗泥),413
Q0300301,綠豆凸,386
Q0300401,蕃薯餅,327
Q0400101,車輪餅(紅豆),174
Q0400201,車輪餅(菜脯),176
Q0500101,太陽餅,459
Q0500201,牛舌餅,411
Q0500301,蛋黃芋頭酥,212
Q0500401,蛋黃酥,457
Q0500501,鳳梨酥,481
Q0500601,蘿蔔酥,421
Q0600701,鳳眼糕,377
Q0600801,米粩,441
Q0700101,可頌,448
Q0700201,泡芙(巧克力),585
Q0700301,蛋塔,373
Q0700401,蛋塔(葡式),373
Q0700501,鬆餅,254
Q0800101,冷凍馬拉糕,317
Q0800201,銅鑼燒,328
Q0800301,冷凍馬蹄條,186
Q0900101,乳酪蛋糕,294
Q0900201,海綿蛋糕(圓形),339
Q0900301,提拉米蘇(圓形),327
Q0900401,蜂蜜蛋糕(原味),345
Q0900501,蜂蜜蛋糕(巧克力),338
Q0900601,蜂蜜蛋糕(起司),351
Q1000101,土司,283
Q1000201,土司(含全穀粉),283
Q1000301,紅豆土司,313
Q1000401,奶酥麵包,374
Q1000501,肉鬆麵包,423
Q1000601,蜜糖甜甜圈(波/摩堤),395
Q1000701,糖粒甜甜圈(油炸),397
Q1000801,菠蘿麵包,376
Q1000901,葡萄乾奶酥麵包,299
Q1001001,漢堡包,316
Q1001101,餐包,361
Q2100101,仙草凍,19
Q2100201,咖啡凍,74
Q2100301,果凍,91
Q2100401,原味愛玉凍,1
Q2100501,檸檬愛玉凍,52
Q2102101,鮮奶布丁,110
Q2102201,烤布丁,138
Q2102301,黃布丁,110
Q2104101,豆花(花生),59
Q2104201,傳統豆花(未加糖),37
Q2106101,羊羹,282
Q2200101,巧克力冰淇淋,192
Q2200201,香草冰淇淋,182
Q2200301,紅豆牛奶冰棒,152
Q2300101,花生仁湯,105
Q4100101,方塊酥,508
Q4100201,夾心餅乾(草莓),514
Q4100301,捲心酥,487
Q4100401,蛋捲(芝麻),547
Q4100501,煎餅,435
Q4100601,營養口糧,419
Q4100701,蘇打餅乾(蔬菜),506
Q4200101,玉米餅乾(原味),494
Q4200201,洋芋片,549
Q4200301,魚酥,564
Q4200401,零食泡麵,477
Q4300101,雪餅,485
Q4900101,沙其馬,484
Q6100101,牛奶巧克力,546
Q6100201,花生牛奶巧克力,486
Q6100301,榛果牛奶巧克力,581
Q6100401,糖衣牛奶巧克力,479
Q6100501,代可可脂白巧克力,562
Q6100601,黑巧克力(85%),585
Q6200101,白芝麻糖,512
Q6200201,黑芝麻糖,516
Q6200301,花生糖,556
Q6200401,花生貢糖,504
Q6200501,牛軋糖,470
Q6200601,核棗糕,422
Q6300101,水果軟糖,411
Q6300201,水果QQ軟糖,342
Q6310101,牛奶軟糖,424
Q6310201,巧克力牛奶軟糖,422
Q6400101,太妃糖,438
Q6400201,蓮藕糖,395
Q6400301,枇杷糖,394
Q6400401,苦茶糖,396
Q6400501,薑糖,357
Q6400601,巧克力夾心糖,403
Q6800101,維生素C口含錠(檸檬),399
Q6800201,酵母菌咀嚼錠,372
Q6900101,乳酸球,451
Q6900201,羊乳片,410
Q6900301,紅豆球,338
Q6900401,綠豆球,333
Q6900501,棉花糖,331
Q8100101,甘薯蜜餞,339
Q8100201,芒果青,217
Q8100301,芒果乾,364
Q8100401,芭樂果乾,329
Q8100501,鳳梨果乾,342
Q8100601,檸檬果乾,327
Q8100701,葡萄乾,329
Q9100101,豆干丁(五香),377
Q9100202,豆干片(沙茶),454
Q9900101,布丁粉,419
Q9900201,冰淇淋粉(香草),430
Q9900301,起酥片,401
R0100101,廣東粥,81
R0200101,冷凍火腿炒飯,185
R0200201,冷凍蝦仁炒飯,143
R0300101,三角飯糰(肉鬆),215
R0300201,糯米飯糰,333
R0400101,肉粽,234
R0400201,鹼粽,132
R0500301,冷凍筒仔米糕,211
R0500401,筒仔米糕,244
R0600101,豬血糕,192
R0600201,鴨血糕,190
R0700101,肉圓,135
R0700201,清蒸蝦仁肉圓,149
R0800101,甜酒釀,162
R0800201,紫米酒釀,153
R0900101,冷凍芝麻湯圓,351
R0900201,冷凍花生湯圓,343
R0900301,冷凍豬肉湯圓,281
R2100101,炒板條,147
R2100201,泡麵(牛肉口味),470
R2100301,泡麵(鮮蝦口味),471
R2100401,擔仔麵,119
R2200101,冷凍牛肉水餃,213
R2200201,冷凍豬肉水餃,206
R2200301,冷凍豬肉韭菜水餃,225
R2200401,冷凍豬肉蟹黃水餃,221
R2200501,冷凍香菇雞肉水餃,216
R2200601,冷凍素食水餃,169
R2200701,冷凍鮪魚水餃,193
R2200801,冷凍豬肉熟水餃,231
R2200901,冷凍素食熟水餃,204
R2201001,冷凍冬菜蝦仁餛飩,186
R2201101,冷凍豬肉餛飩,222
R2201201,冷凍菜肉餛飩,228
R2201301,溫州餛飩,144
R2201401,豬肉鍋貼,235
R2300101,冷凍叉燒包,264
R2300201,冷凍酸菜焢肉包子,297
R2300301,冷凍芋泥包,258
R2300401,冷凍豆沙包,243
R2300501,冷凍芝麻包,340
R2300601,冷凍蓮蓉包,288
R2300701,冷凍叉燒包子,262
R2300801,冷凍牛肉包子,265
R2300901,冷凍豬肉包子,263
R2301001,冷凍豬肉湯包,229
R2301101,小籠包,239
R2301201,冷凍素菜包子,232
R2301301,竹筍包,203
R2400101,冷凍白饅頭,274
R2400201,白饅頭,246
R2400301,芋頭饅頭,150
R2400401,花捲,224
R2400501,冷藏堅果饅頭,296
R2400601,黑糖饅頭,230
R2400701,冷凍銀絲卷(奶黃),279
R2500101,火腿蛋三明治,272
R2600101,披薩(夏威夷),266
R2600201,冷凍披薩(黑胡椒火腿),206
R2700101,蔥油餅,300
R2700201,冷凍蔥油餅,245
R2700301,冷凍蛋餅皮,228
R2700401,燒餅,320
R2800101,韭菜盒子,214
R2800201,大餅包小餅(紅豆),375
R2800301,水煎包,163
R2800401,牛肉餡餅,222
R2800501,豬肉餡餅,324
R2900101,冷凍燒賣,183
R2900201,冷凍水晶包,208
R2900301,"冷凍,水晶餃",189
R3000101,油條,548
R3000201,冷凍春捲,266
R3000301,蚵仔煎,191
R3000401,棺材板,261
R3000501,油豆腐粉絲(阿給),143
R3100101,冷凍可樂餅(奶汁),112
R4100101,芋圓,212
R4100201,粉圓,345
R4100301,冷凍甘薯條,175
R4100401,冷凍馬鈴薯條,144
R4400101,台式泡菜,57
R4400201,黃金泡菜,108
R4400301,韓式泡菜,30
R4400401,花瓜罐頭,86
R4400501,冷凍洋蔥圈,276
R4400601,醃辣椒,52
R4700101,佃煮黑豆,257
R4700201,豆干絲,165
R4700202,五香豆干,188
R4700203,小方豆干,155
R4700301,黑豆干,197
R4700401,豆腐皮,208
R4700501,日式炸豆皮,383
R4700601,豆豉,215
R4700701,豆棗,419
R4700801,百頁豆腐,195
R4700901,傳統豆腐,87
R4701001,冷凍豆腐,127
R4701101,小三角油豆腐,158
R4701201,嫩豆腐,51
R4701301,雞蛋豆腐,79
R4701401,麻油辣腐乳,106
R4800101,素肉,199
R4800201,冷凍素雞塊,203
R4900101,花生麵筋罐頭,204
R4900201,香菇麵筋罐頭,191
R5100101,叉燒肉,253
R5100201,切片火腿(牛肉),121
R5100301,切片火腿(豬肉),147
R5100401,切片火腿(雞肉),148
R5100501,"條狀火腿(牛肉,黑胡椒)",113
R5100601,條狀火腿(豬肉),145
R5100701,醬肘子,134
R5100801,培根,372
R5100901,臘肉(五花肉),525
R5100902,臘肉(腿肉),377
R5200101,片狀肉乾(牛肉),335
R5200102,"片狀肉乾(牛肉,辣味)",323
R5200201,片狀肉乾(豬肉),329
R5200301,條狀肉乾(豬肉),345
R5300101,牛肉香腸,298
R5300201,香腸,354
R5300202,香腸(蒜味),388
R5300203,蒟蒻香腸(蒜味),289
R5300301,小巧香腸,362
R5300401,雞肉香腸(大),283
R5300402,雞肉香腸(小),459
R5300501,熱狗,257
R5300601,德國香腸,272
R5300701,冷凍小香腸,248
R5400101,冷凍珍珠丸,220
R5400201,冷凍貢丸,244
R5400301,冷凍雞肉丸,202
R5500101,冷凍牛肉漢堡肉,246
R5500201,冷凍雞塊,228
R5600101,豬肉脯,441
R5600201,豬肉酥,513
R5600301,雞肉酥,442
R5900101,肉羹,245
R5900201,冷凍咕咾肉,181
R5900301,豬腳凍,145
R6100101,冷凍花枝丸,162
R6100201,冷凍虱目魚丸,203
R6100301,冷凍文蛤丸,211
R6100401,冷凍旗魚丸,158
R6100501,冷凍鱈魚丸,99
R6100601,冷凍蝦丸,123
R6200201,冷凍花枝排,185
R6200301,冷凍鮪排,143
R6200401,冷凍蝦餅,123
R6300301,冷凍干貝酥,144
R6300401,冷凍花枝塊,179
R6300501,冷凍旗魚塊,178
R6400101,冷凍蚵捲,181
R6400201,冷凍魚捲,125
R6400301,冷凍蝦捲,153
R6500101,冷凍魷魚圈,143
R6600101,冷凍花枝餃,168
R6600201,冷凍香菇餃,231
R6600301,冷凍蛋餃,182
R6600401,冷凍雪螺餃,201
R6600501,冷凍魚餃,277
R6600601,冷凍蝦餃,273
R6600701,冷凍燕餃,315
R6700101,冷凍蟹味棒,116
R6700201,冷凍魚卵卷,115
R6700301,魚板,125
R6700401,天婦羅,175
R6700501,冷凍花枝漿,223
R6700601,冷凍花枝羹,126
R6800101,魚肉脯,104
R6800201,鯖魚肉脯,685
R6800301,魚肉鬆,470
R6800401,旗魚鬆,481
R6800501,鮭魚鬆,452
R6900101,香筍鮪魚罐頭,258
R6900201,茄汁鯖魚罐頭,115
R8100101,沖泡濃湯(海鮮),334
R8100201,玉米濃湯調理包,364
R9900101,生啤酒,50
R9900102,啤酒,49
R9900201,陳年紹興酒,133
R9900301,白葡萄酒,90
R9900302,紅葡萄酒,93
R9901101,雞精,34
R9900302,紅葡萄酒,93
R9901101,雞精,34
